,0
Smile,https://www.google.com/search?q=happy+face+person&tbm=isch&ved=2ahUKEwiBvaGR3On7AhUN7xoKHbxyAtkQ2-cCegQIABAA&oq=happy+face+person&gs_lcp=CgNpbWcQAzIGCAAQBxAeMgYIABAHEB4yBggAEAcQHjIGCAAQBxAeMgYIABAHEB4yBggAEAcQHjIICAAQBRAHEB4yCAgAEAgQBxAeMggIABAIEAcQHjIICAAQCBAHEB46BAgjECc6BQgAEIAEOgYIABAFEB46BggAEAgQHlDpB1jWDmD-D2gAcAB4AIABvAKIAYQNkgEFMi01LjGYAQCgAQGqAQtnd3Mtd2l6LWltZ8ABAQ&sclient=img&ei=5K-RY4G7Ho3ea7zlicgN&bih=814&biw=1583&client=firefox-b-d&hl=en
Smile,https://www.google.com/search?q=happy%20face%20person&tbm=isch&hl=en&tbs=rimg:CaMasAo8buj3YR64ruJI5cY18AEAsgIMCgIIABAAOgQIABAA&client=firefox-b-d&sa=X&ved=0CBoQuIIBahcKEwjgzeHH3On7AhUAAAAAHQAAAAAQBw&biw=1583&bih=814
Smile,https://www.google.com/search?q=happy%20face%20person&tbm=isch&hl=en&tbs=rimg:CePdXjeYFUbvYTRMxJzhCm1B8AEAsgIMCgIIABAAOgQIABAA&client=firefox-b-d&sa=X&ved=0CBoQuIIBahcKEwiwgLve3On7AhUAAAAAHQAAAAAQEQ&biw=1583&bih=814
Smile,https://www.google.com/search?q=happy%20face%20person&tbm=isch&hl=en&tbs=rimg:CVvMalgaaBnRYQBAyy7ILhhu8AEAsgIMCgIIABAAOgQIABAA&client=firefox-b-d&sa=X&ved=0CBsQuIIBahcKEwiojInp3On7AhUAAAAAHQAAAAAQDA&biw=1583&bih=814
Smile,https://www.google.com/search?q=happy%20face%20person&tbm=isch&hl=en&tbs=rimg:CeHNKAq_1mO9ZYSgLY09gRvs88AEAsgIMCgIIABAAOgQIABAA&client=firefox-b-d&sa=X&ved=0CBoQuIIBahcKEwiI_bvy3On7AhUAAAAAHQAAAAAQDA&biw=1583&bih=814
Smile,https://www.google.com/search?q=happy%20face%20person&tbm=isch&hl=en&tbs=rimg:CT6dBnceMohEYZn6V5cksL9d8AEAsgIMCgIIABAAOgQIABAA&client=firefox-b-d&sa=X&ved=0CBoQuIIBahcKEwjAmISg3en7AhUAAAAAHQAAAAAQEQ&biw=1583&bih=814
Smile,https://www.google.com/search?q=happy%20face%20person&tbm=isch&hl=en&tbs=rimg:CbiM_13RdwfDIYU6ri9CurL698AEAsgIMCgIIABAAOgQIABAA&client=firefox-b-d&sa=X&ved=0CBoQuIIBahcKEwj4mM2m3en7AhUAAAAAHQAAAAAQBw&biw=1583&bih=814
Smile,https://www.google.com/search?q=happy%20face%20person&tbm=isch&hl=en&tbs=rimg:CfKUby_1qx20lYaDBeiq1UPyY8AEAsgIMCgIIABAAOgQIABAA&client=firefox-b-d&sa=X&ved=0CBoQuIIBahcKEwion-m23en7AhUAAAAAHQAAAAAQDA&biw=1583&bih=814
Smile,https://www.google.com/search?q=happy%20face%20person&tbm=isch&hl=en&tbs=rimg:CRDAPiQcFWNTYXnvMGtUkPa28AEAsgIMCgIIABAAOgQIABAA&client=firefox-b-d&sa=X&ved=0CBoQuIIBahcKEwj4-NnB3en7AhUAAAAAHQAAAAAQFg&biw=1583&bih=814
Smile,https://www.google.com/search?q=happy%20face%20person&tbm=isch&hl=en&tbs=rimg:Cbz9rprF1Z4RYbkct5UWNqCX8AEAsgIMCgIIABAAOgQIABAA&client=firefox-b-d&sa=X&ved=0CBoQuIIBahcKEwj4v7nS3en7AhUAAAAAHQAAAAAQEQ&biw=1583&bih=814
Smile,https://www.google.com/search?q=happy%20face%20person&tbm=isch&hl=en&tbs=rimg:CaVHq4OyS_1NzYdINzhAWV3u18AEAsgIMCgIIABAAOgQIABAA&client=firefox-b-d&sa=X&ved=0CBoQuIIBahcKEwjYyNLh3en7AhUAAAAAHQAAAAAQDA&biw=1583&bih=814
Smile,https://www.google.com/search?q=happy%20face%20person&tbm=isch&hl=en&tbs=rimg:CfVisUzlLbkXYZtmvNRqeinP8AEAsgIMCgIIABAAOgQIABAA&client=firefox-b-d&sa=X&ved=0CBoQuIIBahcKEwj4m4Po3en7AhUAAAAAHQAAAAAQDA&biw=1583&bih=814
Smile,https://www.google.com/search?q=happy%20face%20person&tbm=isch&hl=en&tbs=rimg:CeHNKAq_1mO9ZYSgLY09gRvs88AEAsgIMCgIIABAAOgQIABAA&client=firefox-b-d&sa=X&ved=0CBoQuIIBahcKEwjw0umB3un7AhUAAAAAHQAAAAAQGw&biw=1583&bih=814
Smile,https://www.google.com/search?q=happy%20face%20person&tbm=isch&hl=en&tbs=rimg:CW9wXPyfVc5NYTCh-VgjG_1Ny8AEAsgIMCgIIABAAOgQIABAA&client=firefox-b-d&sa=X&ved=0CBsQuIIBahcKEwi4vsGO3un7AhUAAAAAHQAAAAAQBw&biw=1583&bih=814
Smile,https://www.google.com/search?q=happy%20face%20person&tbm=isch&hl=en&tbs=rimg:CRy5Pd2Rk-XcYcqJIgzUiSPn8AEAsgIMCgIIABAAOgQIABAA&client=firefox-b-d&sa=X&ved=0CBwQuIIBahcKEwiYq-yo3un7AhUAAAAAHQAAAAAQDA&biw=1583&bih=814
Smile,https://www.google.com/search?q=happy%20face%20person&tbm=isch&hl=en&tbs=rimg:CVYMSU6_1HaZUYZ-GMexIl6EC8AEAsgIMCgIIABAAOgQIABAA&client=firefox-b-d&sa=X&ved=0CBoQuIIBahcKEwj48-St3un7AhUAAAAAHQAAAAAQDA&biw=1583&bih=814
Smile,https://www.google.com/search?q=happy%20face%20person&tbm=isch&hl=en&tbs=rimg:CYlZC3z_1xzdtYSTMe24JArq88AEAsgIMCgIIABAAOgQIABAA&client=firefox-b-d&sa=X&ved=0CBoQuIIBahcKEwjgndPL3un7AhUAAAAAHQAAAAAQDA&biw=1583&bih=814
Smile,https://www.google.com/search?q=face%20person%20happy&tbm=isch&hl=en&tbs=rimg:CZTrMXmhilqEYbWwlKE92dMx8AEAsgIOCgIIABAAOgQIABAAQAE&client=firefox-b-d&sa=X&ved=0CB4QuIIBahcKEwjI-JGz4en7AhUAAAAAHQAAAAAQEQ&biw=1583&bih=814
nonSmile,https://www.google.com/search?q=unhappy+face+person&client=firefox-b-d&sxsrf=ALiCzsbPNmqx58GbBBtnRHjVO5lrT8Pf8g:1670490834065&source=lnms&tbm=isch&sa=X&ved=2ahUKEwjs446m1-n7AhUDH-wKHSTwBEIQ_AUoAXoECAEQAw&biw=1600&bih=814&dpr=1
nonSmile,https://www.google.com/search?q=personne%20au%20visage%20triste&tbm=isch&tbs=rimg:CdrrjfvdjEqvYds6W7s3yahO8AEAsgIMCgIIABAAOgQIABAA&client=firefox-b-d&hl=en&sa=X&ved=0CBoQuIIBahcKEwjQ0feI2en7AhUAAAAAHQAAAAAQHw&biw=1583&bih=814
nonSmile,https://www.google.com/search?q=sad%20face%20person&tbm=isch&hl=en&tbs=rimg:CeLoBA6T2ECSYUsaaa0c2J6D8AEAsgIMCgIIABAAOgQIABAA&client=firefox-b-d&sa=X&ved=0CBoQuIIBahcKEwjYzo2w2en7AhUAAAAAHQAAAAAQBw&biw=1583&bih=814
nonSmile,https://www.google.com/search?q=sad%20face%20person&tbm=isch&hl=en&tbs=rimg:CQ2medSmVxB7YRTSCxS3sLZm8AEAsgIMCgIIABAAOgQIABAA&client=firefox-b-d&sa=X&ved=0CBoQuIIBahcKEwiYqNW_2en7AhUAAAAAHQAAAAAQIQ&biw=1583&bih=814
nonSmile,https://www.google.com/search?q=sad%20face%20person&tbm=isch&hl=en&tbs=rimg:Ca0QI7epRkhkYa303IP1xHwv8AEAsgIMCgIIABAAOgQIABAA&client=firefox-b-d&sa=X&ved=0CBoQuIIBahcKEwjA-vrb2en7AhUAAAAAHQAAAAAQBw&biw=1583&bih=814
nonSmile,https://www.google.com/search?q=unhappy%20face%20person&tbm=isch&hl=en&tbs=rimg:Ca2lS3k7t2U4YfVjhLDW5Sg98AEAsgIMCgIIABAAOgQIABAA&client=firefox-b-d&sa=X&ved=0CBoQuIIBahcKEwjgv5GI2un7AhUAAAAAHQAAAAAQPg&biw=1583&bih=814
nonSmile,https://www.google.com/search?q=unhappy%20face%20person&tbm=isch&hl=en&tbs=rimg:CQNOmOXyAQifYRwHf4JiFWuC8AEAsgIMCgIIABAAOgQIABAA&client=firefox-b-d&sa=X&ved=0CBoQuIIBahcKEwj40IrN2un7AhUAAAAAHQAAAAAQNw&biw=1583&bih=814
nonSmile,https://www.google.com/search?q=sad%20face%20person&tbm=isch&hl=en&tbs=rimg:CamTLE_1dvUUgYY6tJ9iuCOju8AEAsgIMCgIIABAAOgQIABAA&client=firefox-b-d&sa=X&ved=0CBoQuIIBahcKEwjYu-qb2-n7AhUAAAAAHQAAAAAQBw&biw=1583&bih=814
nonSmile,https://www.google.com/search?q=sad%20face%20person&tbm=isch&hl=en&tbs=rimg:CZlR7QKF92R5YeEPplE2Sd0b8AEAsgIMCgIIABAAOgQIABAA&client=firefox-b-d&sa=X&ved=0CBoQuIIBahcKEwiIh4uj2-n7AhUAAAAAHQAAAAAQBw&biw=1583&bih=814
nonSmile,https://www.google.com/search?q=sad%20face%20person&tbm=isch&hl=en&tbs=rimg:CbkzKbhkKDh7YXOl0mTT5-Ud8AEAsgIMCgIIABAAOgQIABAA&client=firefox-b-d&sa=X&ved=0CBoQuIIBahcKEwj46p_O2-n7AhUAAAAAHQAAAAAQDA&biw=1583&bih=814
nonSmile,https://www.google.com/search?q=sad%20face%20person&tbm=isch&hl=en&tbs=rimg:CXXia0Pas3SQYYWlu5n0IS6w8AEAsgIMCgIIABAAOgQIABAA&client=firefox-b-d&sa=X&ved=0CBoQuIIBahcKEwig4d3e2-n7AhUAAAAAHQAAAAAQEA&biw=1583&bih=814
nonSmile,https://www.google.com/search?q=sad%20face%20person&tbm=isch&hl=en&tbs=rimg:CaeEVleNe4oyYWwzcASDnTT-8AEAsgIMCgIIABAAOgQIABAA&client=firefox-b-d&sa=X&ved=0CBoQuIIBahcKEwiI5fnj2-n7AhUAAAAAHQAAAAAQDA&biw=1583&bih=814
nonSmile,https://www.google.com/search?q=sad%20face%20person&tbm=isch&hl=en&tbs=rimg:CfGJXqeiUtL5YXwWxji6_1CmH8AEAsgIMCgIIABAAOgQIABAA&client=firefox-b-d&sa=X&ved=0CBoQuIIBahcKEwiglIj12-n7AhUAAAAAHQAAAAAQBw&biw=1583&bih=814
nonSmile,https://www.google.com/search?q=sad%20face%20person&tbm=isch&hl=en&tbs=rimg:CS2oRfmAtVjoYSfUmBMmA8zV8AEAsgIMCgIIABAAOgQIABAA&client=firefox-b-d&sa=X&ved=0CBoQuIIBahcKEwj4uLSS3On7AhUAAAAAHQAAAAAQIQ&biw=1583&bih=814
nonSmile,https://www.google.com/search?q=sad%20face%20person&tbm=isch&hl=en&tbs=rimg:CauWdiJQQ17kYYZ8YvcnHP7-8AEAsgIOCgIIABAAOgQIABAAQAE&client=firefox-b-d&sa=X&ved=0CBoQuIIBahcKEwjwm4my3-n7AhUAAAAAHQAAAAAQDA&biw=1583&bih=814
nonSmile,https://www.google.com/search?q=unfeeling%20face%20person&tbm=isch&hl=en&tbs=rimg:CddGo4EH3s5vYb4aUYTMezE08AEAsgIMCgIIABAAOgQIABAA&client=firefox-b-d&sa=X&ved=0CBoQuIIBahcKEwjwo53i3-n7AhUAAAAAHQAAAAAQBg&biw=1583&bih=814
nonSmile,https://www.google.com/search?q=unfeeling%20face%20person&tbm=isch&hl=en&tbs=rimg:Cc-9x_1wMfTEoYYA9HISj9l5t8AEAsgIMCgIIABAAOgQIABAA&client=firefox-b-d&sa=X&ved=0CBoQuIIBahcKEwjA-Yj93-n7AhUAAAAAHQAAAAAQDA&biw=1583&bih=814
nonSmile,https://www.google.com/search?q=unfeeling%20face%20person&tbm=isch&hl=en&tbs=rimg:Cc9Pw3z_1c1PyYfHvRJRAi3PU8AEAsgIMCgIIABAAOgQIABAA&client=firefox-b-d&sa=X&ved=0CBoQuIIBahcKEwjA7euH4On7AhUAAAAAHQAAAAAQDA&biw=1583&bih=814
nonSmile,https://www.google.com/search?q=face%20person&tbm=isch&hl=en&tbs=rimg:CZuXx_1DA6JTSYduFM1AGI9648AEAsgIOCgIIABAAOgQIABAAQAE&client=firefox-b-d&sa=X&ved=0CBoQuIIBahcKEwiwudjC4On7AhUAAAAAHQAAAAAQDA&biw=1583&bih=814
nonSmile,https://www.google.com/search?q=face%20person&tbm=isch&hl=en&tbs=rimg:CaWmbcSU9cvIYV1BeONIk2Q28AEAsgIOCgIIABAAOgQIABAAQAE&client=firefox-b-d&sa=X&ved=0CBoQuIIBahcKEwiYwM_T4On7AhUAAAAAHQAAAAAQDA&biw=1583&bih=814
nonSmile,https://www.google.com/search?q=face%20person&tbm=isch&hl=en&tbs=rimg:CRo5RTlKN6p_1YbGwCByweIsE8AEAsgIOCgIIABAAOgQIABAAQAE&client=firefox-b-d&sa=X&ved=0CBoQuIIBahcKEwigjJb-4On7AhUAAAAAHQAAAAAQBw&biw=1583&bih=814
nonSmile,https://www.google.com/search?q=face%20person&tbm=isch&hl=en&tbs=rimg:CQq1AO3ZrXfZYYEtcsUMQQBZ8AEAsgIOCgIIABAAOgQIABAAQAE&client=firefox-b-d&sa=X&ved=0CBoQuIIBahcKEwjoo56E4en7AhUAAAAAHQAAAAAQBw&biw=1583&bih=814
